parent_source_id,archive_number,title,url,source_id,coverage,coverage_status,retrieved_at,coverage_source_id,coverage_locator,book_order,book_entry_page
src-0003,H-TRNS-93713-790,한성부 동서 숭교방도 칠매지내 제7호,https://museum.seoul.go.kr/archive/archiveNew/NR_archiveView.do?ctgryId=CTGRY790&fileSn=300&type=C&upperNodeId=CTGRY790&fileId=H-TRNS-93713-790,,종로구 명륜동 2~3가 일대,institution_description,2026-09-08,src-0008,PDF page 7 / printed page 007,3,22
src-0003,H-TRNS-93714-790,한성부 동서 숭신방도 십매지내 제5호,https://museum.seoul.go.kr/archive/archiveNew/NR_archiveView.do?ctgryId=CTGRY790&fileSn=300&type=C&upperNodeId=CTGRY790&fileId=H-TRNS-93714-790,,"종로구 동숭동, 이화동 일대",institution_description,2026-09-08,src-0008,PDF page 7 / printed page 007,4,28
src-0003,H-TRNS-93715-790,한성부 동서 숭신방도 십매지내 제6호,https://museum.seoul.go.kr/archive/archiveNew/NR_archiveView.do?ctgryId=CTGRY790&fileSn=300&type=C&upperNodeId=CTGRY790&fileId=H-TRNS-93715-790,,종로구 이화동 일대,institution_description,2026-09-08,src-0008,PDF page 7 / printed page 007,5,34
src-0003,H-TRNS-93716-790,한성부 동서 숭신방도 십매지내 제7호,https://museum.seoul.go.kr/archive/archiveNew/NR_archiveView.do?ctgryId=CTGRY790&fileSn=300&type=C&upperNodeId=CTGRY790&fileId=H-TRNS-93716-790,,종로구 혜화동,institution_description,2026-09-08,src-0008,PDF page 7 / printed page 007,6,40
src-0003,H-TRNS-93717-790,한성부 동서 창선방도 오매지내 제1호,https://museum.seoul.go.kr/archive/archiveNew/NR_archiveView.do?ctgryId=CTGRY790&fileSn=300&type=C&upperNodeId=CTGRY790&fileId=H-TRNS-93717-790,,"종로구 종로 6가, 충신동 일원",institution_description,2026-09-08,src-0008,PDF page 7 / printed page 007,7,46
src-0003,H-TRNS-93718-790,한성부 동서 창선방도 오매지내 제2호,https://museum.seoul.go.kr/archive/archiveNew/NR_archiveView.do?ctgryId=CTGRY790&fileSn=300&type=C&upperNodeId=CTGRY790&fileId=H-TRNS-93718-790,,"종로 6가 동대문, 동대문종합시장, 청계천 부근",institution_description,2026-09-08,src-0008,PDF page 7 / printed page 007,8,52
src-0003,H-TRNS-93727-790,한성부 서서 반송방도 십칠매지내 제10호,https://museum.seoul.go.kr/archive/archiveNew/NR_archiveView.do?ctgryId=CTGRY790&fileSn=300&type=C&upperNodeId=CTGRY790&fileId=H-TRNS-93727-790,,"서대문구 현저동, 종로구 무악동 일대",institution_description,2026-09-08,src-0008,PDF page 7 / printed page 007,17,106
src-0003,H-TRNS-93728-790,한성부 서서 반송방도 십칠매지내 제14호,https://museum.seoul.go.kr/archive/archiveNew/NR_archiveView.do?ctgryId=CTGRY790&fileSn=300&type=C&upperNodeId=CTGRY790&fileId=H-TRNS-93728-790,,"서대문구 옥천동, 천연동, 냉천동 일대",institution_description,2026-09-08,src-0008,PDF page 7 / printed page 007,18,112
src-0003,H-TRNS-93729-790,한성부 서서 반송방도 십칠매지내 제15호,https://museum.seoul.go.kr/archive/archiveNew/NR_archiveView.do?ctgryId=CTGRY790&fileSn=300&type=C&upperNodeId=CTGRY790&fileId=H-TRNS-93729-790,,서대문구 냉천동 일대,institution_description,2026-09-08,src-0008,PDF page 7 / printed page 007,19,118
src-0003,H-TRNS-93730-790,한성부 서서 반송방도 십칠매지내 제16호,https://museum.seoul.go.kr/archive/archiveNew/NR_archiveView.do?ctgryId=CTGRY790&fileSn=300&type=C&upperNodeId=CTGRY790&fileId=H-TRNS-93730-790,,"서대문구 천연동 종로구 교북동, 교남동 일대",institution_description,2026-09-08,src-0008,PDF page 7 / printed page 007,20,124
src-0003,H-TRNS-93731-790,한성부 서서 양생방도 오매지내 제4호,https://museum.seoul.go.kr/archive/archiveNew/NR_archiveView.do?ctgryId=CTGRY790&fileSn=300&type=C&upperNodeId=CTGRY790&fileId=H-TRNS-93731-790,,"중구 정동, 서소문동, 태평로2가동 일대",institution_description,2026-09-08,src-0008,PDF page 7 / printed page 007,21,130
src-0003,H-TRNS-93732-790,한성부 서서 양생방도 오매지내 제5호,https://museum.seoul.go.kr/archive/archiveNew/NR_archiveView.do?ctgryId=CTGRY790&fileSn=300&type=C&upperNodeId=CTGRY790&fileId=H-TRNS-93732-790,,"중구 태평로2가, 남대문로 4가 일대",institution_description,2026-09-08,src-0008,PDF page 7 / printed page 007,22,136
src-0003,H-TRNS-93719-790,한성부 서서 여경방도 사매지내 제1호,https://museum.seoul.go.kr/archive/archiveNew/NR_archiveView.do?ctgryId=CTGRY790&fileSn=300&type=C&upperNodeId=CTGRY790&fileId=H-TRNS-93719-790,src-0009,"중구 무교동, 태평로 1가동 일대",institution_description,2026-09-08,src-0008,PDF page 7 / printed page 007,9,58
src-0003,H-TRNS-93720-790,한성부 서서 여경방도 사매지내 제2호,https://museum.seoul.go.kr/archive/archiveNew/NR_archiveView.do?ctgryId=CTGRY790&fileSn=300&type=C&upperNodeId=CTGRY790&fileId=H-TRNS-93720-790,,종로구 신문로 1・2가 일대,institution_description,2026-09-08,src-0008,PDF page 7 / printed page 007,10,64
src-0003,H-TRNS-93737-790,한성부 서서 용산방도 십오매지내 제10호,https://museum.seoul.go.kr/archive/archiveNew/NR_archiveView.do?ctgryId=CTGRY790&fileSn=300&type=C&upperNodeId=CTGRY790&fileId=H-TRNS-93737-790,,용산구 원효로 3가,institution_description,2026-09-08,src-0008,PDF page 7 / printed page 007,27,166
src-0003,H-TRNS-93738-790,한성부 서서 용산방도 십오매지내 제11호,https://museum.seoul.go.kr/archive/archiveNew/NR_archiveView.do?ctgryId=CTGRY790&fileSn=300&type=C&upperNodeId=CTGRY790&fileId=H-TRNS-93738-790,,"마포구 도원동, 도화동, 산천동 일대",institution_description,2026-09-08,src-0008,PDF page 7 / printed page 007,28,172
src-0003,H-TRNS-93710-790,한성부 서서 용산방도 십오매지내 제15호,https://museum.seoul.go.kr/archive/archiveNew/NR_archiveView.do?ctgryId=CTGRY790&fileSn=300&type=C&upperNodeId=CTGRY790&fileId=H-TRNS-93710-790,,용산구 효창동(지하철 6호선 효창공원역) 일대,institution_description,2026-09-08,src-0008,PDF page 7 / printed page 007,29,178
src-0003,H-TRNS-93733-790,한성부 서서 용산방도 십오매지내 제2호,https://museum.seoul.go.kr/archive/archiveNew/NR_archiveView.do?ctgryId=CTGRY790&fileSn=300&type=C&upperNodeId=CTGRY790&fileId=H-TRNS-93733-790,,"용산구 원효로 1가, 문배동 일대",institution_description,2026-09-08,src-0008,PDF page 7 / printed page 007,23,142
src-0003,H-TRNS-93734-790,한성부 서서 용산방도 십오매지내 제6호,https://museum.seoul.go.kr/archive/archiveNew/NR_archiveView.do?ctgryId=CTGRY790&fileSn=300&type=C&upperNodeId=CTGRY790&fileId=H-TRNS-93734-790,,"용산구 신계동, 원효로 2・3가, 용문동 일대",institution_description,2026-09-08,src-0008,PDF page 7 / printed page 007,24,148
src-0003,H-TRNS-93735-790,한성부 서서 용산방도 십오매지내 제7호,https://museum.seoul.go.kr/archive/archiveNew/NR_archiveView.do?ctgryId=CTGRY790&fileSn=300&type=C&upperNodeId=CTGRY790&fileId=H-TRNS-93735-790,,"한강로 2가, 용산전자상가 부근",institution_description,2026-09-08,src-0008,PDF page 7 / printed page 007,25,154
src-0003,H-TRNS-93736-790,한성부 서서 용산방도 십오매지내 제9호,https://museum.seoul.go.kr/archive/archiveNew/NR_archiveView.do?ctgryId=CTGRY790&fileSn=300&type=C&upperNodeId=CTGRY790&fileId=H-TRNS-93736-790,,"용산구 원효로 3가, 원효로 2가, 용문동 일대",institution_description,2026-09-08,src-0008,PDF page 7 / printed page 007,26,160
src-0003,H-TRNS-93721-790,한성부 서서 인달방도 팔매지내 제4호,https://museum.seoul.go.kr/archive/archiveNew/NR_archiveView.do?ctgryId=CTGRY790&fileSn=300&type=C&upperNodeId=CTGRY790&fileId=H-TRNS-93721-790,,종로구 필운동 일대,institution_description,2026-09-08,src-0008,PDF page 7 / printed page 007,11,70
src-0003,H-TRNS-93722-790,한성부 서서 인달방도 팔매지내 제5호,https://museum.seoul.go.kr/archive/archiveNew/NR_archiveView.do?ctgryId=CTGRY790&fileSn=300&type=C&upperNodeId=CTGRY790&fileId=H-TRNS-93722-790,,"종로구 필운동, 사직동, 내자동 일대",institution_description,2026-09-08,src-0008,PDF page 7 / printed page 007,12,76
src-0003,H-TRNS-93723-790,한성부 서서 인달방도 팔매지내 제6호,https://museum.seoul.go.kr/archive/archiveNew/NR_archiveView.do?ctgryId=CTGRY790&fileSn=300&type=C&upperNodeId=CTGRY790&fileId=H-TRNS-93723-790,,종로구 사직동 및 신문로 2가 경희궁 일대,institution_description,2026-09-08,src-0008,PDF page 7 / printed page 007,13,82
src-0003,H-TRNS-93724-790,한성부 서서 인달방도 팔매지내 제7호,https://museum.seoul.go.kr/archive/archiveNew/NR_archiveView.do?ctgryId=CTGRY790&fileSn=300&type=C&upperNodeId=CTGRY790&fileId=H-TRNS-93724-790,,종로구 사직동 일대,institution_description,2026-09-08,src-0008,PDF page 7 / printed page 007,14,88
src-0003,H-TRNS-93725-790,한성부 서서 적선방도 육매지내 제1호,https://museum.seoul.go.kr/archive/archiveNew/NR_archiveView.do?ctgryId=CTGRY790&fileSn=300&type=C&upperNodeId=CTGRY790&fileId=H-TRNS-93725-790,,종로구 적선동 일대,institution_description,2026-09-08,src-0008,PDF page 7 / printed page 007,15,94
src-0003,H-TRNS-93726-790,한성부 서서 적선방도 육매지내 제6호,https://museum.seoul.go.kr/archive/archiveNew/NR_archiveView.do?ctgryId=CTGRY790&fileSn=300&type=C&upperNodeId=CTGRY790&fileId=H-TRNS-93726-790,src-0011,"종로구 도렴동, 당주동 일대",institution_description,2026-09-08,src-0008,PDF page 7 / printed page 007,16,100
src-0003,H-TRNS-93712-790,한성부 중서 경행방도 오매지내 제3호,https://museum.seoul.go.kr/archive/archiveNew/NR_archiveView.do?ctgryId=CTGRY790&fileSn=300&type=C&upperNodeId=CTGRY790&fileId=H-TRNS-93712-790,src-0017,종로구 관훈동 일대,institution_description,2026-09-08,src-0008,PDF page 7 / printed page 007,2,16
src-0003,H-TRNS-93711-790,한성부 중서 관인방도 사매지내 제1호,https://museum.seoul.go.kr/archive/archiveNew/NR_archiveView.do?ctgryId=CTGRY790&fileSn=300&type=C&upperNodeId=CTGRY790&fileId=H-TRNS-93711-790,src-0010,"종로구 인사동, 낙원동 일대",institution_description,2026-09-08,src-0008,PDF page 7 / printed page 007,1,10
