id,repository,title,date_label,status,themes,event_ids,catalog_url,local_path,sha256,rights,caution
LOC-2020638022,Library of Congress,"Korean soldiers (under arms)--looking N.E. to the gate of the old Royal Palace--Seoul, Korea",1904 (목록 연도),catalogued,성문·성곽;궁궐·제례;복식,,https://www.loc.gov/item/2020638022/,,,item_review_required,발행 연도와 촬영일을 구분. 원제의 인물 식별·장소·차별적 표현은 당시 출판자의 설명이며 검증된 현대 해설이 아님.
LOC-2020638023,Library of Congress,"House building in Korea--wall of stone and mud against a framework of grass ropes and sticks, Seoul",1904 (목록 연도),catalogued,성문·성곽;건축,,https://www.loc.gov/item/2020638023/,,,item_review_required,발행 연도와 촬영일을 구분. 원제의 인물 식별·장소·차별적 표현은 당시 출판자의 설명이며 검증된 현대 해설이 아님.
LOC-2020638024,Library of Congress,"House building in Korea--wall of stone and mud against a framework of grass ropes and sticks, Seoul",1904 (목록 연도),catalogued,성문·성곽;건축,,https://www.loc.gov/item/2020638024/,,,item_review_required,발행 연도와 촬영일을 구분. 원제의 인물 식별·장소·차별적 표현은 당시 출판자의 설명이며 검증된 현대 해설이 아님.
LOC-2020638025,Library of Congress,"House building in Korea--wall of stone and mud against a framework of grass ropes and sticks, Seoul",1904 (목록 연도),catalogued,성문·성곽;건축,,https://www.loc.gov/item/2020638025/,,,item_review_required,발행 연도와 촬영일을 구분. 원제의 인물 식별·장소·차별적 표현은 당시 출판자의 설명이며 검증된 현대 해설이 아님.
LOC-2020638026,Library of Congress,"Jumbled roofs of Seoul, capital of the ""Hermit Kingdom""--N.W. from a tower near center of city--Korea",1904 (목록 연도),catalogued,건축,,https://www.loc.gov/item/2020638026/,,,item_review_required,발행 연도와 촬영일을 구분. 원제의 인물 식별·장소·차별적 표현은 당시 출판자의 설명이며 검증된 현대 해설이 아님.
LOC-2020638027,Library of Congress,Charming town of Mapo on the Han River--looking west from residence of Customs Commissioner of Korea,1904 (목록 연도),catalogued,거리·생활,,https://www.loc.gov/item/2020638027/,,,item_review_required,발행 연도와 촬영일을 구분. 원제의 인물 식별·장소·차별적 표현은 당시 출판자의 설명이며 검증된 현대 해설이 아님.
LOC-2020638028,Library of Congress,"Jumbled roofs of Seoul, capital of the ""Hermit Kingdom""--N.W. from a tower near center of city--Korea",1904 (목록 연도),catalogued,건축,,https://www.loc.gov/item/2020638028/,,,item_review_required,발행 연도와 촬영일을 구분. 원제의 인물 식별·장소·차별적 표현은 당시 출판자의 설명이며 검증된 현대 해설이 아님.
LOC-2020638100,Library of Congress,"Little Korean boys, of the middle class, in the northern suburbs of Seoul, Korea",1904 (목록 연도),catalogued,거리·생활,,https://www.loc.gov/item/2020638100/,,,item_review_required,발행 연도와 촬영일을 구분. 원제의 인물 식별·장소·차별적 표현은 당시 출판자의 설명이며 검증된 현대 해설이 아님.
LOC-2020638019,Library of Congress,"A game of ""Go-ban,"" or oriental chess--Yun-Woong-Niel, Korean minister of war (left), in his home, Seoul",1904 (목록 연도),catalogued,거리·생활,,https://www.loc.gov/item/2020638019/,,,item_review_required,발행 연도와 촬영일을 구분. 원제의 인물 식별·장소·차별적 표현은 당시 출판자의 설명이며 검증된 현대 해설이 아님.
LOC-2020638020,Library of Congress,"Outside the South gate, on one of the main highways of the Hermit capital, Seoul, Korea",1904 (목록 연도),catalogued,성문·성곽,,https://www.loc.gov/item/2020638020/,,,item_review_required,발행 연도와 촬영일을 구분. 원제의 인물 식별·장소·차별적 표현은 당시 출판자의 설명이며 검증된 현대 해설이 아님.
LOC-2020638021,Library of Congress,"Looking past pillars of ancient arch, through new Independence Arch--N. to Perkin Pass, Seoul, Korea",1904 (목록 연도),catalogued,거리·생활,,https://www.loc.gov/item/2020638021/,,,item_review_required,발행 연도와 촬영일을 구분. 원제의 인물 식별·장소·차별적 표현은 당시 출판자의 설명이며 검증된 현대 해설이 아님.
LOC-2003665565,Library of Congress,"Farmers coming to market at Seoul through the Pekin Pass, the highway to Manchuria and China, Korea",1904 (목록 연도),downloaded_verified,상업,,https://www.loc.gov/item/2003665565/,data/photos/seoul1907/images/loc-2003665565.jpg,b4fee9004525866c3f7ec05321d0a7ba6b3515a79099b71d950111529193441d,item_review_required,발행 연도와 촬영일을 구분. 원제의 인물 식별·장소·차별적 표현은 당시 출판자의 설명이며 검증된 현대 해설이 아님.
LOC-2003665564,Library of Congress,"Farmers coming to market at Seoul through the Pekin Pass, the highway to Manchuria and China, Korea",1904 (목록 연도),catalogued,상업,,https://www.loc.gov/item/2003665564/,,,item_review_required,발행 연도와 촬영일을 구분. 원제의 인물 식별·장소·차별적 표현은 당시 출판자의 설명이며 검증된 현대 해설이 아님.
LOC-2003665581,Library of Congress,The old city wall built over the mountains north of Seoul - from inside looking out - Korea,1904 (목록 연도),catalogued,성문·성곽,,https://www.loc.gov/item/2003665581/,,,item_review_required,발행 연도와 촬영일을 구분. 원제의 인물 식별·장소·차별적 표현은 당시 출판자의 설명이며 검증된 현대 해설이 아님.
LOC-2003666489,Library of Congress,Monks at a village monastery of Korea,1904 (목록 연도),catalogued,거리·생활,,https://www.loc.gov/item/2003666489/,,,item_review_required,발행 연도와 촬영일을 구분. 원제의 인물 식별·장소·차별적 표현은 당시 출판자의 설명이며 검증된 현대 해설이 아님.
LOC-2003666460,Library of Congress,"Much envied winners of the arrow-shooting contest - the national game of the highest aristocracy, Korea",1904 (목록 연도),catalogued,거리·생활,,https://www.loc.gov/item/2003666460/,,,item_review_required,발행 연도와 촬영일을 구분. 원제의 인물 식별·장소·차별적 표현은 당시 출판자의 설명이며 검증된 현대 해설이 아님.
LOC-2002708705,Library of Congress,"Typical houses outside the city - from City Wall S.E. over street leading to South Gate - Seoul, Korea",1904 (목록 연도),catalogued,성문·성곽;건축,,https://www.loc.gov/item/2002708705/,,,item_review_required,발행 연도와 촬영일을 구분. 원제의 인물 식별·장소·차별적 표현은 당시 출판자의 설명이며 검증된 현대 해설이 아님.
LOC-2002708704,Library of Congress,"A game of ""Go-ban,"" or oriental chess - Yun-Woong-Niel, Korean Minister of War (left), in his home, Seoul",1904 (목록 연도),catalogued,거리·생활,,https://www.loc.gov/item/2002708704/,,,item_review_required,발행 연도와 촬영일을 구분. 원제의 인물 식별·장소·차별적 표현은 당시 출판자의 설명이며 검증된 현대 해설이 아님.
LOC-2002708700,Library of Congress,"Crude industries of Korea, where man-power is cheaper than mills - sawing lumber in a lumber yard of Seoul",1904 (목록 연도),catalogued,거리·생활,,https://www.loc.gov/item/2002708700/,,,item_review_required,발행 연도와 촬영일을 구분. 원제의 인물 식별·장소·차별적 표현은 당시 출판자의 설명이며 검증된 현대 해설이 아님.
LOC-2002708701,Library of Congress,"Looking past pillars of ancient arch, through new Independence Arch - N. to Pekin Pass, Seoul, Korea",1904 (목록 연도),catalogued,거리·생활,,https://www.loc.gov/item/2002708701/,,,item_review_required,발행 연도와 촬영일을 구분. 원제의 인물 식별·장소·차별적 표현은 당시 출판자의 설명이며 검증된 현대 해설이 아님.
LOC-2002708703,Library of Congress,A primitive grist-mill of the Korean peasants--beating turnip seed into meal--suburbs of Seoul,1904 (목록 연도),catalogued,거리·생활,,https://www.loc.gov/item/2002708703/,,,item_review_required,발행 연도와 촬영일을 구분. 원제의 인물 식별·장소·차별적 표현은 당시 출판자의 설명이며 검증된 현대 해설이 아님.
LOC-2003665577,Library of Congress,"South Gate, N.E. over the city, showing French and American Churches, Seoul, Korea",1904 (목록 연도),catalogued,성문·성곽,,https://www.loc.gov/item/2003665577/,,,item_review_required,발행 연도와 촬영일을 구분. 원제의 인물 식별·장소·차별적 표현은 당시 출판자의 설명이며 검증된 현대 해설이 아님.
LOC-2003665576,Library of Congress,"South Gate, N.E. over the city, showing French and American Churches, Seoul, Korea",1904 (목록 연도),catalogued,성문·성곽,,https://www.loc.gov/item/2003665576/,,,item_review_required,발행 연도와 촬영일을 구분. 원제의 인물 식별·장소·차별적 표현은 당시 출판자의 설명이며 검증된 현대 해설이 아님.
LOC-2003665578,Library of Congress,"South Gate, N.E. over the city, showing French and American Churches, Seoul, Korea",1904 (목록 연도),catalogued,성문·성곽,,https://www.loc.gov/item/2003665578/,,,item_review_required,발행 연도와 촬영일을 구분. 원제의 인물 식별·장소·차별적 표현은 당시 출판자의 설명이며 검증된 현대 해설이 아님.
LOC-2003665592,Library of Congress,"Jumbled roofs of Seoul, capital of the ""Hermit Kingdom"" - N.W. from a tower near center of city--Korea",1904 (목록 연도),catalogued,건축,,https://www.loc.gov/item/2003665592/,,,item_review_required,발행 연도와 촬영일을 구분. 원제의 인물 식별·장소·차별적 표현은 당시 출판자의 설명이며 검증된 현대 해설이 아님.
LOC-2003665593,Library of Congress,"Typical houses outside the city--from city wall S.E. over street leading to South Gate, Seoul, Korea",1904 (목록 연도),catalogued,성문·성곽;건축,,https://www.loc.gov/item/2003665593/,,,item_review_required,발행 연도와 촬영일을 구분. 원제의 인물 식별·장소·차별적 표현은 당시 출판자의 설명이며 검증된 현대 해설이 아님.
LOC-2003665594,Library of Congress,"Typical Korean gentlemen before the temple of the God of War, seoul, Korea",1904 (목록 연도),catalogued,궁궐·제례,,https://www.loc.gov/item/2003665594/,,,item_review_required,발행 연도와 촬영일을 구분. 원제의 인물 식별·장소·차별적 표현은 당시 출판자의 설명이며 검증된 현대 해설이 아님.
LOC-2003665560,Library of Congress,Charming town of Mapo on the Han River--looking west from residence of Customs Commissioner of Korea,1904 (목록 연도),catalogued,거리·생활,,https://www.loc.gov/item/2003665560/,,,item_review_required,발행 연도와 촬영일을 구분. 원제의 인물 식별·장소·차별적 표현은 당시 출판자의 설명이며 검증된 현대 해설이 아님.
LOC-2003665570,Library of Congress,"Looking out through the West Gate, by which visitors enter Seoul - showing American electric tramway, Korea",1904 (목록 연도),catalogued,전차;성문·성곽,S1907-02;S1907-03,https://www.loc.gov/item/2003665570/,,,item_review_required,발행 연도와 촬영일을 구분. 원제의 인물 식별·장소·차별적 표현은 당시 출판자의 설명이며 검증된 현대 해설이 아님.
LOC-2003665571,Library of Congress,"Looking out through the West Gate, by which visitors enter Seoul - showing American electric tramway, Korea",1904 (목록 연도),catalogued,전차;성문·성곽,S1907-02;S1907-03,https://www.loc.gov/item/2003665571/,,,item_review_required,발행 연도와 촬영일을 구분. 원제의 인물 식별·장소·차별적 표현은 당시 출판자의 설명이며 검증된 현대 해설이 아님.
LOC-2003665573,Library of Congress,"Looking out through the West Gate, by which visitors enter Seoul - showing American electric tramway, Korea",1904 (목록 연도),catalogued,전차;성문·성곽,S1907-02;S1907-03,https://www.loc.gov/item/2003665573/,,,item_review_required,발행 연도와 촬영일을 구분. 원제의 인물 식별·장소·차별적 표현은 당시 출판자의 설명이며 검증된 현대 해설이 아님.
LOC-2003665572,Library of Congress,"Looking out through the West Gate, by which visitors enter Seoul - showing American electric tramway, Korea",1904 (목록 연도),catalogued,전차;성문·성곽,S1907-02;S1907-03,https://www.loc.gov/item/2003665572/,,,item_review_required,발행 연도와 촬영일을 구분. 원제의 인물 식별·장소·차별적 표현은 당시 출판자의 설명이며 검증된 현대 해설이 아님.
LOC-2003665574,Library of Congress,"Among the queer Koreans - a pack train in the suburbs outside Seoul - looking W. to East Gate, Korea",1904 (목록 연도),catalogued,성문·성곽;운송,,https://www.loc.gov/item/2003665574/,,,item_review_required,발행 연도와 촬영일을 구분. 원제의 인물 식별·장소·차별적 표현은 당시 출판자의 설명이며 검증된 현대 해설이 아님.
LOC-2003665575,Library of Congress,"Among the queer Koreans - a pack train in the suburbs outside Seoul - looking W. to East Gate, Korea",1904 (목록 연도),catalogued,성문·성곽;운송,,https://www.loc.gov/item/2003665575/,,,item_review_required,발행 연도와 촬영일을 구분. 원제의 인물 식별·장소·차별적 표현은 당시 출판자의 설명이며 검증된 현대 해설이 아님.
LOC-2003665561,Library of Congress,Charming town of Mapo on the Han River - looking west from residence of Customs Commissioner of Korea,1904 (목록 연도),catalogued,거리·생활,,https://www.loc.gov/item/2003665561/,,,item_review_required,발행 연도와 촬영일을 구분. 원제의 인물 식별·장소·차별적 표현은 당시 출판자의 설명이며 검증된 현대 해설이 아님.
LOC-2003665566,Library of Congress,"Old Royal Palace, formerly living rooms of the Kings and Queens, Seoul, Korea",1904 (목록 연도),catalogued,궁궐·제례,,https://www.loc.gov/item/2003665566/,,,item_review_required,발행 연도와 촬영일을 구분. 원제의 인물 식별·장소·차별적 표현은 당시 출판자의 설명이며 검증된 현대 해설이 아님.
LOC-2003665567,Library of Congress,"The beautiful Temple of Heaven, where the Emperor worships at the solstices, (looking N.), Seoul, Korea",1904 (목록 연도),catalogued,궁궐·제례,,https://www.loc.gov/item/2003665567/,,,item_review_required,발행 연도와 촬영일을 구분. 원제의 인물 식별·장소·차별적 표현은 당시 출판자의 설명이며 검증된 현대 해설이 아님.
LOC-2003665579,Library of Congress,"One wheeled cart of a Korean General of the old regime, Seoul, Korea",1904 (목록 연도),catalogued,거리·생활,,https://www.loc.gov/item/2003665579/,,,item_review_required,발행 연도와 촬영일을 구분. 원제의 인물 식별·장소·차별적 표현은 당시 출판자의 설명이며 검증된 현대 해설이 아님.
LOC-2003665580,Library of Congress,"A young Korean and his wife in street dress, Seoul, Korea",1904 (목록 연도),catalogued,복식,,https://www.loc.gov/item/2003665580/,,,item_review_required,발행 연도와 촬영일을 구분. 원제의 인물 식별·장소·차별적 표현은 당시 출판자의 설명이며 검증된 현대 해설이 아님.
LOC-2003665591,Library of Congress,"Market of dried fish, meal and native goods, in the suburbs of Seoul, Korea",1904 (목록 연도),catalogued,상업,,https://www.loc.gov/item/2003665591/,,,item_review_required,발행 연도와 촬영일을 구분. 원제의 인물 식별·장소·차별적 표현은 당시 출판자의 설명이며 검증된 현대 해설이 아님.
LOC-2003665595,Library of Congress,"Typical attitude of aged Korean peasants - in a village store, in northern suburbs of Seoul",1904 (목록 연도),catalogued,상업,,https://www.loc.gov/item/2003665595/,,,item_review_required,발행 연도와 촬영일을 구분. 원제의 인물 식별·장소·차별적 표현은 당시 출판자의 설명이며 검증된 현대 해설이 아님.
LOC-2003665596,Library of Congress,"Shops and traders of the ""Hermit"" city - looking west along the wide main street of Seoul, Korea",1904 (목록 연도),downloaded_verified,상업,,https://www.loc.gov/item/2003665596/,data/photos/seoul1907/images/loc-2003665596.jpg,80a38612719489e5171d9bfe0965dc467dcbfb92034b1726537b1a1dd02b512d,item_review_required,발행 연도와 촬영일을 구분. 원제의 인물 식별·장소·차별적 표현은 당시 출판자의 설명이며 검증된 현대 해설이 아님.
LOC-2003665597,Library of Congress,"Shops and traders of the ""Hermit"" city - looking west along the wide main street of Seoul, Korea",1904 (목록 연도),catalogued,상업,,https://www.loc.gov/item/2003665597/,,,item_review_required,발행 연도와 촬영일을 구분. 원제의 인물 식별·장소·차별적 표현은 당시 출판자의 설명이며 검증된 현대 해설이 아님.
LOC-2003665599,Library of Congress,"Village gossip in a suburb of Seoul - looking N.W., on road leading to Pekin Pass, Korea",1904 (목록 연도),catalogued,거리·생활,,https://www.loc.gov/item/2003665599/,,,item_review_required,발행 연도와 촬영일을 구분. 원제의 인물 식별·장소·차별적 표현은 당시 출판자의 설명이며 검증된 현대 해설이 아님.
LOC-2003665598,Library of Congress,"Christlike work in benighted Korea - Miss Peary's home for destitute and blind, English Mission, Seoul",1904 (목록 연도),catalogued,거리·생활,,https://www.loc.gov/item/2003665598/,,,item_review_required,발행 연도와 촬영일을 구분. 원제의 인물 식별·장소·차별적 표현은 당시 출판자의 설명이며 검증된 현대 해설이 아님.
LOC-2003665563,Library of Congress,"Hardening foundation for new Post Office, outside city wall - E. over wall to French Legation, Seoul, Korea",1904 (목록 연도),catalogued,성문·성곽,,https://www.loc.gov/item/2003665563/,,,item_review_required,발행 연도와 촬영일을 구분. 원제의 인물 식별·장소·차별적 표현은 당시 출판자의 설명이며 검증된 현대 해설이 아님.
LOC-2003665569,Library of Congress,"Outside the South Gate, on one of the main highways of the Hermit Capitol, Seoul, Korea",1904 (목록 연도),catalogued,성문·성곽,,https://www.loc.gov/item/2003665569/,,,item_review_required,발행 연도와 촬영일을 구분. 원제의 인물 식별·장소·차별적 표현은 당시 출판자의 설명이며 검증된 현대 해설이 아님.
LOC-2003665585,Library of Congress,"A game of ""Go-ban,"" or oriental chess - Yun-Woong-Niel, Korean Minister of War (left) in his home, Seoul",1904 (목록 연도),catalogued,거리·생활,,https://www.loc.gov/item/2003665585/,,,item_review_required,발행 연도와 촬영일을 구분. 원제의 인물 식별·장소·차별적 표현은 당시 출판자의 설명이며 검증된 현대 해설이 아님.
LOC-2003665583,Library of Congress,"A popular laundry near Seoul, along the road leading to the Northwest Gate, Korea",1904 (목록 연도),catalogued,성문·성곽;물·생활,,https://www.loc.gov/item/2003665583/,,,item_review_required,발행 연도와 촬영일을 구분. 원제의 인물 식별·장소·차별적 표현은 당시 출판자의 설명이며 검증된 현대 해설이 아님.
LOC-2003665582,Library of Congress,"Junks on the Han River, commerce carriers of Korea - east up stream, at Yung San, a logging town, near Seoul",1904 (목록 연도),catalogued,거리·생활,,https://www.loc.gov/item/2003665582/,,,item_review_required,발행 연도와 촬영일을 구분. 원제의 인물 식별·장소·차별적 표현은 당시 출판자의 설명이며 검증된 현대 해설이 아님.
LOC-2003665584,Library of Congress,"A bull-driver bringing wood into Seoul, outside the South Gate, looking toward city wall, Korea",1904 (목록 연도),catalogued,성문·성곽;운송,,https://www.loc.gov/item/2003665584/,,,item_review_required,발행 연도와 촬영일을 구분. 원제의 인물 식별·장소·차별적 표현은 당시 출판자의 설명이며 검증된 현대 해설이 아님.
LOC-2003665587,Library of Congress,"Officials of the Imperial Department of Communications, outside their office, Seoul, Korea",1904 (목록 연도),catalogued,거리·생활,,https://www.loc.gov/item/2003665587/,,,item_review_required,발행 연도와 촬영일을 구분. 원제의 인물 식별·장소·차별적 표현은 당시 출판자의 설명이며 검증된 현대 해설이 아님.
LOC-2003665586,Library of Congress,"The Emperor's Grand Master of Horse passing through the main street of Seoul (looking west), Korea",1904 (목록 연도),downloaded_verified,운송,,https://www.loc.gov/item/2003665586/,data/photos/seoul1907/images/loc-2003665586.jpg,109eddd391b0eb74a88bf096dc50df78e667f701f24cbbf3296646e133832297,item_review_required,발행 연도와 촬영일을 구분. 원제의 인물 식별·장소·차별적 표현은 당시 출판자의 설명이며 검증된 현대 해설이 아님.
LOC-2003665589,Library of Congress,"Washing and bathing in the filthy stream, carrying off the city's sewage, looking N.W., Seoul, Korea",1904 (목록 연도),catalogued,물·생활,,https://www.loc.gov/item/2003665589/,,,item_review_required,발행 연도와 촬영일을 구분. 원제의 인물 식별·장소·차별적 표현은 당시 출판자의 설명이며 검증된 현대 해설이 아님.
LOC-2003665588,Library of Congress,A primitive grist mill of the Korean peasants--beating turnip seed into meal--suburbs of Seoul,1904 (목록 연도),catalogued,거리·생활,,https://www.loc.gov/item/2003665588/,,,item_review_required,발행 연도와 촬영일을 구분. 원제의 인물 식별·장소·차별적 표현은 당시 출판자의 설명이며 검증된 현대 해설이 아님.
LOC-2003665590,Library of Congress,"Washing and bathing in the filthy stream, carrying off the city's sewage, looking N.W., Seoul, Korea",1904 (목록 연도),catalogued,물·생활,,https://www.loc.gov/item/2003665590/,,,item_review_required,발행 연도와 촬영일을 구분. 원제의 인물 식별·장소·차별적 표현은 당시 출판자의 설명이며 검증된 현대 해설이 아님.
LOC-2003666471,Library of Congress,"The ""Hermit Kingdom"" awakening - boys school (boys with hats on are married), Seoul, Korea",1904 (목록 연도),catalogued,거리·생활,,https://www.loc.gov/item/2003666471/,,,item_review_required,발행 연도와 촬영일을 구분. 원제의 인물 식별·장소·차별적 표현은 당시 출판자의 설명이며 검증된 현대 해설이 아님.
LOC-2003666470,Library of Congress,"Korean soldiers (under arms) [training with fixed bayonets] - looking N.E. to the gate of the old Royal Palace, Seoul, Korea",1904 (목록 연도),catalogued,성문·성곽;궁궐·제례;복식,,https://www.loc.gov/item/2003666470/,,,item_review_required,발행 연도와 촬영일을 구분. 원제의 인물 식별·장소·차별적 표현은 당시 출판자의 설명이며 검증된 현대 해설이 아님.
LOC-2003666469,Library of Congress,"Korean soldiers (under arms) [training with fixed bayonets] - looking N.E. to the gate of the old Royal Palace, Seoul, Korea",1904 (목록 연도),catalogued,성문·성곽;궁궐·제례;복식,,https://www.loc.gov/item/2003666469/,,,item_review_required,발행 연도와 촬영일을 구분. 원제의 인물 식별·장소·차별적 표현은 당시 출판자의 설명이며 검증된 현대 해설이 아님.
LOC-2003666473,Library of Congress,"Horseshoeing on the ""safety"" plan - a blacksmith shop outside the East Gate, Seoul, Korea",1904 (목록 연도),catalogued,상업;성문·성곽;운송,,https://www.loc.gov/item/2003666473/,,,item_review_required,발행 연도와 촬영일을 구분. 원제의 인물 식별·장소·차별적 표현은 당시 출판자의 설명이며 검증된 현대 해설이 아님.
LOC-2003666472,Library of Congress,"The ""Hermit Kingdom"" awakening - boys school (boys with hats on are married), Seoul, Korea",1904 (목록 연도),catalogued,거리·생활,,https://www.loc.gov/item/2003666472/,,,item_review_required,발행 연도와 촬영일을 구분. 원제의 인물 식별·장소·차별적 표현은 당시 출판자의 설명이며 검증된 현대 해설이 아님.
LOC-2003666475,Library of Congress,"Horseshoeing on the ""safety"" plan - a blacksmith shop outside the East Gate, Seoul, Korea",1904 (목록 연도),catalogued,상업;성문·성곽;운송,,https://www.loc.gov/item/2003666475/,,,item_review_required,발행 연도와 촬영일을 구분. 원제의 인물 식별·장소·차별적 표현은 당시 출판자의 설명이며 검증된 현대 해설이 아님.
LOC-2003666474,Library of Congress,"Horseshoeing on the ""safety"" plan - a blacksmith shop outside the East Gate, Seoul, Korea",1904 (목록 연도),catalogued,상업;성문·성곽;운송,,https://www.loc.gov/item/2003666474/,,,item_review_required,발행 연도와 촬영일을 구분. 원제의 인물 식별·장소·차별적 표현은 당시 출판자의 설명이며 검증된 현대 해설이 아님.
LOC-2003666451,Library of Congress,"Village gossip in a suburb of Seoul - looking N.W., on road leading to Pekin Pass, Korea",1904 (목록 연도),catalogued,거리·생활,,https://www.loc.gov/item/2003666451/,,,item_review_required,발행 연도와 촬영일을 구분. 원제의 인물 식별·장소·차별적 표현은 당시 출판자의 설명이며 검증된 현대 해설이 아님.
LOC-2003666450,Library of Congress,"Village gossip in a suburb of Seoul - looking N.W., on road leading to Pekin Pass, Korea",1904 (목록 연도),catalogued,거리·생활,,https://www.loc.gov/item/2003666450/,,,item_review_required,발행 연도와 촬영일을 구분. 원제의 인물 식별·장소·차별적 표현은 당시 출판자의 설명이며 검증된 현대 해설이 아님.
LOC-2003666458,Library of Congress,"A Korean lady and her husband at their home, Seoul, Korea",1904 (목록 연도),catalogued,복식,,https://www.loc.gov/item/2003666458/,,,item_review_required,발행 연도와 촬영일을 구분. 원제의 인물 식별·장소·차별적 표현은 당시 출판자의 설명이며 검증된 현대 해설이 아님.
LOC-2003666459,Library of Congress,"Nam-Kung-Uk, editor of an important Korean paper, before a typical monument to the dead",1904 (목록 연도),catalogued,거리·생활,,https://www.loc.gov/item/2003666459/,,,item_review_required,발행 연도와 촬영일을 구분. 원제의 인물 식별·장소·차별적 표현은 당시 출판자의 설명이며 검증된 현대 해설이 아님.
LOC-2003666457,Library of Congress,Entrance to home of Korean Minister of War--typical wealthy Korean home--his grandchildren on steps--Seoul,1904 (목록 연도),catalogued,거리·생활,,https://www.loc.gov/item/2003666457/,,,item_review_required,발행 연도와 촬영일을 구분. 원제의 인물 식별·장소·차별적 표현은 당시 출판자의 설명이며 검증된 현대 해설이 아님.
LOC-2003666463,Library of Congress,"Granite lion before the gateway to the old Royal Palace - looking north - Seoul, Korea",1904 (목록 연도),catalogued,성문·성곽;궁궐·제례,,https://www.loc.gov/item/2003666463/,,,item_review_required,발행 연도와 촬영일을 구분. 원제의 인물 식별·장소·차별적 표현은 당시 출판자의 설명이며 검증된 현대 해설이 아님.
LOC-2003666466,Library of Congress,"Korean lady and maid, in the streets of Seoul--(curtain is seldom raised)--Korea",1904 (목록 연도),downloaded_verified,복식,,https://www.loc.gov/item/2003666466/,data/photos/seoul1907/images/loc-2003666466.jpg,e59cf0bcd1f7a0e3dd21e56f51bd5fd55b6d49cc92838ec3c808f0a3a8b4895b,item_review_required,발행 연도와 촬영일을 구분. 원제의 인물 식별·장소·차별적 표현은 당시 출판자의 설명이며 검증된 현대 해설이 아님.
LOC-2003666465,Library of Congress,"Korean lady and maid, in the streets of Seoul--(curtain is seldom raised)--Korea",1904 (목록 연도),catalogued,복식,,https://www.loc.gov/item/2003666465/,,,item_review_required,발행 연도와 촬영일을 구분. 원제의 인물 식별·장소·차별적 표현은 당시 출판자의 설명이며 검증된 현대 해설이 아님.
LOC-2003666464,Library of Congress,"Granite lion before the gateway to the old Royal Palace-looking north-Seoul, Korea",1904 (목록 연도),catalogued,성문·성곽;궁궐·제례,,https://www.loc.gov/item/2003666464/,,,item_review_required,발행 연도와 촬영일을 구분. 원제의 인물 식별·장소·차별적 표현은 당시 출판자의 설명이며 검증된 현대 해설이 아님.
LOC-2003666468,Library of Congress,"Korean lady and maid, in the streets of Seoul--(curtain is seldom raised)--Korea",1904 (목록 연도),catalogued,복식,,https://www.loc.gov/item/2003666468/,,,item_review_required,발행 연도와 촬영일을 구분. 원제의 인물 식별·장소·차별적 표현은 당시 출판자의 설명이며 검증된 현대 해설이 아님.
LOC-2003666467,Library of Congress,"Korean lady and maid, in the streets of Seoul--(curtain is seldom raised)--Korea",1904 (목록 연도),catalogued,복식,,https://www.loc.gov/item/2003666467/,,,item_review_required,발행 연도와 촬영일을 구분. 원제의 인물 식별·장소·차별적 표현은 당시 출판자의 설명이며 검증된 현대 해설이 아님.
LOC-2003666487,Library of Congress,"Little Korean boys, of the middle class, in the northern suburbs of Seoul, Korea",1904 (목록 연도),catalogued,거리·생활,,https://www.loc.gov/item/2003666487/,,,item_review_required,발행 연도와 촬영일을 구분. 원제의 인물 식별·장소·차별적 표현은 당시 출판자의 설명이며 검증된 현대 해설이 아님.
LOC-2003666494,Library of Congress,"Street [railway] scene in the Korean capital, Seoul, Korea",1904 (목록 연도),downloaded_verified,전차,S1907-02;S1907-03,https://www.loc.gov/item/2003666494/,data/photos/seoul1907/images/loc-2003666494.jpg,86735fc9cb8e7b003891996a18a725ea89b6c1ccf2e6b47ec4cb16f7359520fd,item_review_required,발행 연도와 촬영일을 구분. 원제의 인물 식별·장소·차별적 표현은 당시 출판자의 설명이며 검증된 현대 해설이 아님.
LOC-2003666496,Library of Congress,"Imperial Palace - The King's apartments, Seoul, Korea",1904 (목록 연도),catalogued,궁궐·제례,,https://www.loc.gov/item/2003666496/,,,item_review_required,발행 연도와 촬영일을 구분. 원제의 인물 식별·장소·차별적 표현은 당시 출판자의 설명이며 검증된 현대 해설이 아님.
LOC-2003666497,Library of Congress,"Entrance to the Queen's apartmetns, Imperal Palace, Seoul, Korea",1904 (목록 연도),catalogued,궁궐·제례,,https://www.loc.gov/item/2003666497/,,,item_review_required,발행 연도와 촬영일을 구분. 원제의 인물 식별·장소·차별적 표현은 당시 출판자의 설명이며 검증된 현대 해설이 아님.
LOC-2003666495,Library of Congress,"A Korean bull cart, Seoul, Korea",1904 (목록 연도),catalogued,운송,,https://www.loc.gov/item/2003666495/,,,item_review_required,발행 연도와 촬영일을 구분. 원제의 인물 식별·장소·차별적 표현은 당시 출판자의 설명이며 검증된 현대 해설이 아님.
LOC-2003666454,Library of Congress,"A bridegroom going to his wedding - at the South Gate - Seoul, Korea",1904 (목록 연도),catalogued,성문·성곽;복식,,https://www.loc.gov/item/2003666454/,,,item_review_required,발행 연도와 촬영일을 구분. 원제의 인물 식별·장소·차별적 표현은 당시 출판자의 설명이며 검증된 현대 해설이 아님.
LOC-2003666455,Library of Congress,"Sorcerers putting the crown of ""good luck"" on the head of the painted bride, Seoul, Korea",1904 (목록 연도),catalogued,복식,,https://www.loc.gov/item/2003666455/,,,item_review_required,발행 연도와 촬영일을 구분. 원제의 인물 식별·장소·차별적 표현은 당시 출판자의 설명이며 검증된 현대 해설이 아님.
LOC-2003666456,Library of Congress,"Korean Minister of War, his son and grandchildren - at their home, Seoul, Korea",1904 (목록 연도),catalogued,거리·생활,,https://www.loc.gov/item/2003666456/,,,item_review_required,발행 연도와 촬영일을 구분. 원제의 인물 식별·장소·차별적 표현은 당시 출판자의 설명이며 검증된 현대 해설이 아님.
LOC-2003666461,Library of Congress,"Beautifully carved marble pagoda, on the site of an old Buddhist monastery in the center of Seoul, Korea",1904 (목록 연도),catalogued,거리·생활,,https://www.loc.gov/item/2003666461/,,,item_review_required,발행 연도와 촬영일을 구분. 원제의 인물 식별·장소·차별적 표현은 당시 출판자의 설명이며 검증된 현대 해설이 아님.
LOC-2003666462,Library of Congress,"Granite lion before the gateway to the old Royal Palace - looking north - Seoul, Korea",1904 (목록 연도),catalogued,성문·성곽;궁궐·제례,,https://www.loc.gov/item/2003666462/,,,item_review_required,발행 연도와 촬영일을 구분. 원제의 인물 식별·장소·차별적 표현은 당시 출판자의 설명이며 검증된 현대 해설이 아님.
LOC-2003666477,Library of Congress,"A man-powered shovel - working on foundation for new Post Office - N.W. towards western suburbs of Seoul, Korea",1904 (목록 연도),catalogued,거리·생활,,https://www.loc.gov/item/2003666477/,,,item_review_required,발행 연도와 촬영일을 구분. 원제의 인물 식별·장소·차별적 표현은 당시 출판자의 설명이며 검증된 현대 해설이 아님.
LOC-2003666476,Library of Congress,"A man-powered shovel--working on foundation for new Post Office - N.W. towards western suburbs of Seoul, Korea",1904 (목록 연도),catalogued,거리·생활,,https://www.loc.gov/item/2003666476/,,,item_review_required,발행 연도와 촬영일을 구분. 원제의 인물 식별·장소·차별적 표현은 당시 출판자의 설명이며 검증된 현대 해설이 아님.
LOC-2003666478,Library of Congress,"Seoul, the capital of Korea, south from road to the Northwest Gate to Mt. Nam San",1904 (목록 연도),downloaded_verified,성문·성곽,,https://www.loc.gov/item/2003666478/,data/photos/seoul1907/images/loc-2003666478.jpg,e1c2cd34e8a8278de2757b03dacc40142c2c7e3abd89bbf6e463bd97d51faacb,item_review_required,발행 연도와 촬영일을 구분. 원제의 인물 식별·장소·차별적 표현은 당시 출판자의 설명이며 검증된 현대 해설이 아님.
LOC-2003666480,Library of Congress,"Looking past pillars of ancient arch, through new Independence Arch - N. to Pekin Pass, Seoul, Korea",1904 (목록 연도),catalogued,거리·생활,,https://www.loc.gov/item/2003666480/,,,item_review_required,발행 연도와 촬영일을 구분. 원제의 인물 식별·장소·차별적 표현은 당시 출판자의 설명이며 검증된 현대 해설이 아님.
LOC-2003666479,Library of Congress,"The gospel ""light"" shining into the ""Hermit Kingdom"" - the American Mission, Seoul",1904 (목록 연도),catalogued,거리·생활,,https://www.loc.gov/item/2003666479/,,,item_review_required,발행 연도와 촬영일을 구분. 원제의 인물 식별·장소·차별적 표현은 당시 출판자의 설명이며 검증된 현대 해설이 아님.
LOC-2003666482,Library of Congress,"Crude industries of Korea, where man-power is cheaper than mills - sawing lumber in a lumber yard of Seoul",1904 (목록 연도),catalogued,거리·생활,,https://www.loc.gov/item/2003666482/,,,item_review_required,발행 연도와 촬영일을 구분. 원제의 인물 식별·장소·차별적 표현은 당시 출판자의 설명이며 검증된 현대 해설이 아님.
LOC-2003666481,Library of Congress,"A Korean General carried in an official chair through the streets of Seoul, Korea",1904 (목록 연도),catalogued,거리·생활,,https://www.loc.gov/item/2003666481/,,,item_review_required,발행 연도와 촬영일을 구분. 원제의 인물 식별·장소·차별적 표현은 당시 출판자의 설명이며 검증된 현대 해설이 아님.
LOC-2003666483,Library of Congress,"Crude industries of Korea, where man-power is cheaper than mills - sawing lumber in a lumber yard of Seoul",1904 (목록 연도),catalogued,거리·생활,,https://www.loc.gov/item/2003666483/,,,item_review_required,발행 연도와 촬영일을 구분. 원제의 인물 식별·장소·차별적 표현은 당시 출판자의 설명이며 검증된 현대 해설이 아님.
LOC-2003666486,Library of Congress,"Little Korean boys, of the middle class, in the northern suburbs of Seoul, Korea",1904 (목록 연도),catalogued,거리·생활,,https://www.loc.gov/item/2003666486/,,,item_review_required,발행 연도와 촬영일을 구분. 원제의 인물 식별·장소·차별적 표현은 당시 출판자의 설명이며 검증된 현대 해설이 아님.
LOC-2003666484,Library of Congress,"Seoul, the capital of Korea - looking S.E. from North Wall, over the old Palace to Mt. Nam San",1904 (목록 연도),catalogued,성문·성곽;궁궐·제례,,https://www.loc.gov/item/2003666484/,,,item_review_required,발행 연도와 촬영일을 구분. 원제의 인물 식별·장소·차별적 표현은 당시 출판자의 설명이며 검증된 현대 해설이 아님.
CORNELL-319537,Cornell University Library — Willard D. Straight in Korea,물장수,ca. 1904,catalogued_not_downloaded,물·생활,S1907-22,https://digital.library.cornell.edu/catalog/ss%3A319537,,,item_review_required,목록 설명에 따른 식별. 정확한 시점·건축 변경 이력 대조 필요.
CORNELL-319598,Cornell University Library — Willard D. Straight in Korea,광화문,ca. 1904,catalogued_not_downloaded,성문·성곽,,https://digital.library.cornell.edu/catalog/ss%3A319598,,,item_review_required,목록 설명에 따른 식별. 정확한 시점·건축 변경 이력 대조 필요.
CORNELL-319531,Cornell University Library — Willard D. Straight in Korea,궁궐 화재 뒤 잔해 추정,ca. 1904,catalogued_not_downloaded,궁궐·제례,S1907-27,https://digital.library.cornell.edu/catalog/ss%3A319531,,,item_review_required,경운궁 화재 관련 추정. 장소·날짜 확정 전 사건 사진으로 단정 금지.
CORNELL-319554,Cornell University Library — Willard D. Straight in Korea,서울의 일본군 지휘부,ca. 1904,catalogued_not_downloaded,군사,S1907-26,https://digital.library.cornell.edu/catalog/ss%3A319554,,,item_review_required,설명과 주제 필드의 궁궐 식별이 충돌. 장소 확정 보류.
CORNELL-319533,Cornell University Library — Willard D. Straight in Korea,대한문 앞 일본군,ca. 1904,catalogued_not_downloaded,군사,S1907-26,https://digital.library.cornell.edu/catalog/ss%3A319533,,,item_review_required,행렬 인물을 고종으로 확정하지 않는다.
CORNELL-319563,Cornell University Library — Willard D. Straight in Korea,돈화문,ca. 1904,catalogued_not_downloaded,성문·성곽,,https://digital.library.cornell.edu/catalog/ss%3A319563,,,item_review_required,목록 설명에 따른 식별. 정확한 시점·건축 변경 이력 대조 필요.
CORNELL-319588,Cornell University Library — Willard D. Straight in Korea,숭례문과 선로,ca. 1904,catalogued_not_downloaded,전차,S1907-02,https://digital.library.cornell.edu/catalog/ss%3A319588,,,item_review_required,목록 설명에 따른 식별. 정확한 시점·건축 변경 이력 대조 필요.
CORNELL-319528,Cornell University Library — Willard D. Straight in Korea,숭례문 부근 도심,ca. 1904,catalogued_not_downloaded,거리·생활,,https://digital.library.cornell.edu/catalog/ss%3A319528,,,item_review_required,목록 설명에 따른 식별. 정확한 시점·건축 변경 이력 대조 필요.
GOGUNG-0564,국립고궁박물관,덕수궁 대한문 사진엽서,1906,catalogued_not_downloaded,궁궐·제례;엽서,S1907-12,https://online.gogung.go.kr/gogung/pgm/psgudMng/view.do?menuNo=800065&psgudSn=367457,,,KOGL_type_1,엽서 발행·소인과 촬영일은 다를 수 있음. 부분 채색을 실제 색 복원 근거로 쓰지 않음.
PAICHAI-MAIN-HALL-01,선교신문 / 아펜젤러 행전,배재학당 1887년 본당 — 촬영 연도 미상,촬영일 미상 (건립 1887),downloaded_research_only,교육;건축,,https://missionews.co.kr/news/583627,data/photos/paichai/main-hall-1887-undated.jpg,a74937f10846ad21dd70acf6bec14d185fd57853294e01fceda90d1629f81f5c,reuse_unconfirmed,캡션의 1887은 건립 연도이며 촬영 연도로 확정하지 않는다. 본당 외형 참고용. 1907년 세부 형태를 전부 증명하지 않음.
EWHA-REFERENCE-01,이화여자대학교,정동 캠퍼스 배치도,작성/촬영 연도 미상,downloaded_research_only,교육;의료,,https://ewha.ac.kr/ewha/intro/history-campus.do,data/photos/ewha/jeongdong-campus-plan-undated.gif,0b705c90da28c81dca1d972bf55a7976093eb80cc963fd56a1e178953079b75c,촬영자·저작권자·재사용 허락 미확인. 로컬 연구 자료로만 보관; 웹 서비스·Docker 이미지에 포함하지 않음.,정동 캠퍼스 배치도. 작성 연도 및 번호 범례 미상; 1907년 배치 확정 근거로 쓰지 않음.
EWHA-REFERENCE-02,이화여자대학교,보구녀관 옛 사진,작성/촬영 연도 미상,downloaded_research_only,교육;의료,,https://ewha.ac.kr/ewha/intro/history02-1.do,data/photos/ewha/bogunyeogwan-undated.jpg,f95a1cb68ba51fca5937ea555691a38179d116229a058dc234655e592de9fdac,촬영자·저작권자·재사용 허락 미확인. 로컬 연구 자료로만 보관; 웹 서비스·Docker 이미지에 포함하지 않음.,공식 페이지가 보구녀관(1887)으로 소개하는 사진. 1887은 설립 연도이며 촬영 연도로 확정하지 않음.
